Package Name,Brand Name,Model Name,Segment,Fuel Variant,Market Price
Basic Service,Chevrolet,Aveo,Sedan,Petrol,2799
Standard Service,Chevrolet,,,,3999
Comprehensive Service,Chevrolet,,,,5699
Basic Service,Chevrolet,,,CNG,2799
Standard Service,Chevrolet,,,,3799
Comprehensive Service,Chevrolet,,,,5699
Basic Service,Chevrolet,,,Diesel,3099
Standard Service,Chevrolet,,,,4199
Comprehensive Service,Chevrolet,,,,6499
Basic Service,Chevrolet,Beat,Hatchback,Petrol,2399
Standard Service,Chevrolet,,,,2999
Comprehensive Service,Chevrolet,,,,5199
Basic Service,Chevrolet,,,CNG,2399
Standard Service,Chevrolet,,,,2999
Comprehensive Service,Chevrolet,,,,5199
Basic Service,Chevrolet,,,Diesel,2399
Standard Service,Chevrolet,,,,2999
Comprehensive Service,Chevrolet,,,,5199
Basic Service,Chevrolet,Captiva,Premium SUV,Diesel,5099
Standard Service,Chevrolet,,,,6499
Comprehensive Service,Chevrolet,,,,10099
Basic Service,Chevrolet,Cruze,Premium Sedan,Petrol,4199
Standard Service,Chevrolet,,,,5399
Comprehensive Service,Chevrolet,,,,8099
Basic Service,Chevrolet,,,CNG,4199
Standard Service,Chevrolet,,,,5399
Comprehensive Service,Chevrolet,,,,8099
Basic Service,Chevrolet,,,Diesel,5099
Standard Service,Chevrolet,,,,6499
Comprehensive Service,Chevrolet,,,,10299
Basic Service,Chevrolet,Enjoy,SUV,Petrol,3799
Standard Service,Chevrolet,,,,4799
Comprehensive Service,Chevrolet,,,,6399
Basic Service,Chevrolet,,,CNG,3799
Standard Service,Chevrolet,,,,4799
Comprehensive Service,Chevrolet,,,,6399
Basic Service,Chevrolet,,,Diesel,3999
Standard Service,Chevrolet,,,,5099
Comprehensive Service,Chevrolet,,,,7699
Basic Service,Toyota,Fortuner,Premium SUV,Petrol,5099
Standard Service,Toyota,,,,6499
Comprehensive Service,Toyota,,,,10099
Basic Service,Chevrolet,Forester,SUV,CNG,5099
Standard Service,Chevrolet,,,,6499
Comprehensive Service,Chevrolet,,,,10099
Basic Service,Chevrolet,,,Diesel,5699
Standard Service,Chevrolet,,,,7299
Comprehensive Service,Chevrolet,,,,10899
Basic Service,Chevrolet,Optra,Sedan,Petrol,3499
Standard Service,Chevrolet,,,,4599
Comprehensive Service,Chevrolet,,,,6699
Basic Service,Chevrolet,,,CNG,3499
Standard Service,Chevrolet,,,,4599
Comprehensive Service,Chevrolet,,,,6699
Basic Service,Chevrolet,,,Diesel,5099
Standard Service,Chevrolet,,,,6499
Comprehensive Service,Chevrolet,,,,10099
Basic Service,Chevrolet,Optra Magnum,Sedan,Petrol,3499
Standard Service,Chevrolet,,,,4599
Comprehensive Service,Chevrolet,,,,6699
Basic Service,Chevrolet,,,CNG,3499
Standard Service,Chevrolet,,,,4599
Comprehensive Service,Chevrolet,,,,6699
Basic Service,Chevrolet,,,Diesel,5099
Standard Service,Chevrolet,,,,6499
Comprehensive Service,Chevrolet,,,,10099
Basic Service,Chevrolet,Optra SRV,Hatchback,Petrol,3499
Standard Service,Chevrolet,,,,4499
Comprehensive Service,Chevrolet,,,,6699
Basic Service,Chevrolet,,,CNG,3499
Standard Service,Chevrolet,,,,4499
Comprehensive Service,Chevrolet,,,,6699
Basic Service,Chevrolet,Sail,Sedan,Petrol,2799
Standard Service,Chevrolet,,,,3799
Comprehensive Service,Chevrolet,,,,5699
Basic Service,Chevrolet,,,CNG,2799
Standard Service,Chevrolet,,,,3799
Comprehensive Service,Chevrolet,,,,5699
Basic Service,Chevrolet,,,Diesel,2899
Standard Service,Chevrolet,,,,3899
Comprehensive Service,Chevrolet,,,,5699
Basic Service,Chevrolet,Sail Hatchback,Hatchback,Petrol,2699
Standard Service,Chevrolet,,,,3599
Comprehensive Service,Chevrolet,,,,5499
Basic Service,Chevrolet,,,CNG,2699
Standard Service,Chevrolet,,,,3599
Comprehensive Service,Chevrolet,,,,5499
Basic Service,Chevrolet,,,Diesel,2699
Standard Service,Chevrolet,,,,3799
Comprehensive Service,Chevrolet,,,,5599
Basic Service,Chevrolet,Spark,Hatchback,Petrol,2499
Standard Service,Chevrolet,,,,2999
Comprehensive Service,Chevrolet,,,,4399
Basic Service,Chevrolet,,,CNG,2399
Standard Service,Chevrolet,,,,2999
Comprehensive Service,Chevrolet,,,,4399
Basic Service,Chevrolet,Tavera,SUV,Diesel,4399
Standard Service,Chevrolet,,,,5599
Comprehensive Service,Chevrolet,,,,8599
Basic Service,Chevrolet,UVA,Hatchback,Petrol,3099
Standard Service,Chevrolet,,,,3999
Comprehensive Service,Chevrolet,,,,5699
Basic Service,Chevrolet,,,CNG,3099
Standard Service,Chevrolet,,,,3999
Comprehensive Service,Chevrolet,,,,5699
Basic Service,Chevrolet,,,Diesel,3099
Standard Service,Chevrolet,,,,3999
Comprehensive Service,Chevrolet,,,,6799
Basic Service,Daewoo,Cielo,Sedan,Petrol,3399
Standard Service,Daewoo,,,,4399
Comprehensive Service,Daewoo,,,,6499
Basic Service,Daewoo,,,CNG,3399
Standard Service,Daewoo,,,,4399
Comprehensive Service,Daewoo,,,,6499
Basic Service,Daewoo,Matiz,Hatchback,Petrol,2699
Standard Service,Daewoo,,,,3399
Comprehensive Service,Daewoo,,,,4799
Basic Service,Daewoo,,,CNG,2699
Standard Service,Daewoo,,,,3399
Comprehensive Service,Daewoo,,,,4799
Basic Service,Daewoo,Nexia,Sedan,Petrol,3399
Standard Service,Daewoo,,,,4399
Comprehensive Service,Daewoo,,,,6499
Basic Service,Daewoo,,,CNG,3399
Standard Service,Daewoo,,,,4399
Comprehensive Service,Daewoo,,,,6499
Basic Service,Datsun,GO,Hatchback,Petrol,2499
Standard Service,Datsun,,,,2999
Comprehensive Service,Datsun,,,,4799
Basic Service,Datsun,,,CNG,2499
Standard Service,Datsun,,,,2999
Comprehensive Service,Datsun,,,,4799
Basic Service,Datsun,GO Plus,SUV,Petrol,2499
Standard Service,Datsun,,,,3099
Comprehensive Service,Datsun,,,,4799
Basic Service,Datsun,,,CNG,2499
Standard Service,Datsun,,,,3099
Comprehensive Service,Datsun,,,,4799
Basic Service,Fiat,Adventure,Hatchback,Petrol,3199
Standard Service,Fiat,,,,4099
Comprehensive Service,Fiat,,,,5699
Basic Service,Fiat,,,CNG,3199
Standard Service,Fiat,,,,4099
Comprehensive Service,Fiat,,,,5699
Basic Service,Fiat,,,Diesel,3499
Standard Service,Fiat,,,,4399
Comprehensive Service,Fiat,,,,7799
Basic Service,Fiat,Avventura,Hatchback,Petrol,3199
Standard Service,Fiat,,,,4099
Comprehensive Service,Fiat,,,,5699
Basic Service,Fiat,,,CNG,3199
Standard Service,Fiat,,,,4099
Comprehensive Service,Fiat,,,,5699
Basic Service,Fiat,,,Diesel,3499
Standard Service,Fiat,,,,4399
Comprehensive Service,Fiat,,,,7799
Basic Service,Fiat,Linea,Sedan,Petrol,3299
Standard Service,Fiat,,,,4299
Comprehensive Service,Fiat,,,,5899
Basic Service,Fiat,,,CNG,3299
Standard Service,Fiat,,,,4299
Comprehensive Service,Fiat,,,,5899
Basic Service,Fiat,,,Diesel,3499
Standard Service,Fiat,,,,4599
Comprehensive Service,Fiat,,,,7899
Basic Service,Fiat,Linea Classic,Sedan,Petrol,3299
Standard Service,Fiat,,,,4299
Comprehensive Service,Fiat,,,,5899
Basic Service,Fiat,,,CNG,3299
Standard Service,Fiat,,,,4299
Comprehensive Service,Fiat,,,,5899
Basic Service,Fiat,,,Diesel,3299
Standard Service,Fiat,,,,4599
Comprehensive Service,Fiat,,,,7899
Basic Service,Fiat,Palio D,Hatchback,Petrol,3099
Standard Service,Fiat,,,,3899
Comprehensive Service,Fiat,,,,5899
Basic Service,Fiat,,,CNG,3099
Standard Service,Fiat,,,,3899
Comprehensive Service,Fiat,,,,5899
Basic Service,Fiat,,,Diesel,3299
Standard Service,Fiat,,,,4199
Comprehensive Service,Fiat,,,,7199
Basic Service,Fiat,Palio NV,Hatchback,Petrol,3099
Standard Service,Fiat,,,,3899
Comprehensive Service,Fiat,,,,5899
Basic Service,Fiat,,,CNG,3099
Standard Service,Fiat,,,,3899
Comprehensive Service,Fiat,,,,5899
Basic Service,Fiat,,,Diesel,3299
Standard Service,Fiat,,,,4199
Comprehensive Service,Fiat,,,,7199
Basic Service,Fiat,Palio Stile,Hatchback,Petrol,3099
Standard Service,Fiat,,,,3899
Comprehensive Service,Fiat,,,,5899
Basic Service,Fiat,,,CNG,3099
Standard Service,Fiat,,,,3899
Comprehensive Service,Fiat,,,,5899
Basic Service,Fiat,,,Diesel,3299
Standard Service,Fiat,,,,4199
Comprehensive Service,Fiat,,,,7199
Basic Service,Fiat,Petra,Sedan,Petrol,3099
Standard Service,Fiat,,,,3999
Comprehensive Service,Fiat,,,,5899
Basic Service,Fiat,,,CNG,3099
Standard Service,Fiat,,,,3999
Comprehensive Service,Fiat,,,,5899
Basic Service,Fiat,,,Diesel,3299
Standard Service,Fiat,,,,4299
Comprehensive Service,Fiat,,,,7199
Basic Service,Fiat,Punto,Hatchback,Petrol,2599
Standard Service,Fiat,,,,3099
Comprehensive Service,Fiat,,,,5399
Basic Service,Fiat,,,CNG,2599
Standard Service,Fiat,,,,3299
Comprehensive Service,Fiat,,,,5399
Basic Service,Fiat,,,Diesel,2599
Standard Service,Fiat,,,,3299
Comprehensive Service,Fiat,,,,5399
Basic Service,Fiat,Punto Evo,Hatchback,Diesel,3499
Standard Service,Fiat,,,,4399
Comprehensive Service,Fiat,,,,7799
Basic Service,Fiat,Uno,Hatchback,Petrol,2999
Standard Service,Fiat,,,,3799
Comprehensive Service,Fiat,,,,5399
Basic Service,Fiat,,,CNG,2999
Standard Service,Fiat,,,,3799
Comprehensive Service,Fiat,,,,5399
Basic Service,Ford,Eco Sport,SUV,Petrol,3199
Standard Service,Ford,,,,4199
Comprehensive Service,Ford,,,,5899
Basic Service,Ford,,,CNG,3199
Standard Service,Ford,,,,4199
Comprehensive Service,Ford,,,,5899
Basic Service,Ford,,,Diesel,3099
Standard Service,Ford,,,,4199
Comprehensive Service,Ford,,,,6899
Basic Service,Ford,Endeavour,Premium SUV,Diesel,4899
Standard Service,Ford,,,,8299
Comprehensive Service,Ford,,,,9299
Basic Service,Ford,Escort,Sedan,Petrol,3099
Standard Service,Ford,,,,3999
Comprehensive Service,Ford,,,,5999
Basic Service,Ford,,,CNG,3099
Standard Service,Ford,,,,4099
Comprehensive Service,Ford,,,,5999
Basic Service,Ford,,,Diesel,3499
Standard Service,Ford,,,,4499
Comprehensive Service,Ford,,,,7499
Basic Service,Ford,Fiesta,Sedan,Petrol,3299
Standard Service,Ford,,,,4299
Comprehensive Service,Ford,,,,6199
Basic Service,Ford,,,CNG,3299
Standard Service,Ford,,,,4299
Comprehensive Service,Ford,,,,6199
Basic Service,Ford,,,Diesel,3499
Standard Service,Ford,,,,4499
Comprehensive Service,Ford,,,,7499
Basic Service,Ford,Fiesta Classic,Sedan,Petrol,3299
Standard Service,Ford,,,,4299
Comprehensive Service,Ford,,,,6199
Basic Service,Ford,,,CNG,3299
Standard Service,Ford,,,,4299
Comprehensive Service,Ford,,,,6199
Basic Service,Ford,,,Diesel,3499
Standard Service,Ford,,,,4499
Comprehensive Service,Ford,,,,7499
Basic Service,Ford,Figo,Hatchback,Petrol,2699
Standard Service,Ford,,,,3399
Comprehensive Service,Ford,,,,5899
Basic Service,Ford,,,CNG,2699
Standard Service,Ford,,,,3399
Comprehensive Service,Ford,,,,5899
Basic Service,Ford,,,Diesel,2799
Standard Service,Ford,,,,3499
Comprehensive Service,Ford,,,,5999
Basic Service,Ford,Figo Aspire,Sedan,Petrol,2899
Standard Service,Ford,,,,3699
Comprehensive Service,Ford,,,,6099
Basic Service,Ford,,,CNG,2899
Standard Service,Ford,,,,3699
Comprehensive Service,Ford,,,,6099
Basic Service,Ford,,,Diesel,2999
Standard Service,Ford,,,,3799
Comprehensive Service,Ford,,,,6299
Basic Service,Ford,Fusion,Hatchback,Petrol,3199
Standard Service,Ford,,,,4099
Comprehensive Service,Ford,,,,6099
Basic Service,Ford,,,CNG,3199
Standard Service,Ford,,,,4099
Comprehensive Service,Ford,,,,6099
Basic Service,Ford,,,Diesel,3299
Standard Service,Ford,,,,4199
Comprehensive Service,Ford,,,,7299
Basic Service,Ford,Ikon,Sedan,Petrol,3299
Standard Service,Ford,,,,4299
Comprehensive Service,Ford,,,,6199
Basic Service,Ford,,,CNG,3299
Standard Service,Ford,,,,4299
Comprehensive Service,Ford,,,,6199
Basic Service,Ford,,,Diesel,3499
Standard Service,Ford,,,,4499
Comprehensive Service,Ford,,,,7499
Basic Service,Ford,Mondeo,Sedan,Petrol,3299
Standard Service,Ford,,,,4299
Comprehensive Service,Ford,,,,6199
Basic Service,Ford,,,CNG,3299
Standard Service,Ford,,,,4299
Comprehensive Service,Ford,,,,6199
Basic Service,Ford,,,Diesel,3499
Standard Service,Ford,,,,4499
Comprehensive Service,Ford,,,,7499
Basic Service,Honda,Accord,Premium Sedan,Petrol,3999
Standard Service,Honda,,,,5199
Comprehensive Service,Honda,,,,7499
Basic Service,Honda,,,CNG,3999
Standard Service,Honda,,,,5199
Comprehensive Service,Honda,,,,7499
Basic Service,Honda,Amaze,Sedan,Petrol,3099
Standard Service,Honda,,,,3999
Comprehensive Service,Honda,,,,5899
Basic Service,Honda,,,CNG,3099
Standard Service,Honda,,,,3999
Comprehensive Service,Honda,,,,5899
Basic Service,Honda,,,Diesel,3199
Standard Service,Honda,,,,4199
Comprehensive Service,Honda,,,,6499
Basic Service,Honda,Brio,Hatchback,Petrol,2399
Standard Service,Honda,,,,2999
Comprehensive Service,Honda,,,,4999
Basic Service,Honda,,,CNG,2399
Standard Service,Honda,,,,2999
Comprehensive Service,Honda,,,,4999
Basic Service,Honda,City,Sedan,Petrol,3199
Standard Service,Honda,,,,4199
Comprehensive Service,Honda,,,,7199
Basic Service,Honda,,,CNG,3199
Standard Service,Honda,,,,4199
Comprehensive Service,Honda,,,,7199
Basic Service,Honda,,,Diesel,3299
Standard Service,Honda,,,,4299
Comprehensive Service,Honda,,,,7399
Basic Service,Honda,City IVTEC,Premium Sedan,Petrol,3199
Standard Service,Honda,,,,4199
Comprehensive Service,Honda,,,,7199
Basic Service,Honda,,,CNG,3199
Standard Service,Honda,,,,4199
Comprehensive Service,Honda,,,,7199
Basic Service,Honda,City ZX,Sedan,Petrol,3199
Standard Service,Honda,,,,4199
Comprehensive Service,Honda,,,,6099
Basic Service,Honda,,,CNG,3199
Standard Service,Honda,,,,4199
Comprehensive Service,Honda,,,,6099
Basic Service,Honda,Civic,Premium Sedan,Petrol,3899
Standard Service,Honda,,,,4999
Comprehensive Service,Honda,,,,7299
Basic Service,Honda,,,CNG,3899
Standard Service,Honda,,,,4999
Comprehensive Service,Honda,,,,7299
Basic Service,Honda,CRV,Premium SUV,Petrol,3999
Standard Service,Honda,,,,5899
Comprehensive Service,Honda,,,,6899
Basic Service,Honda,,,CNG,3999
Standard Service,Honda,,,,5899
Comprehensive Service,Honda,,,,6899
Basic Service,Honda,Jazz,Premium Hatchback,Petrol,3199
Standard Service,Honda,,,,4099
Comprehensive Service,Honda,,,,6099
Basic Service,Honda,,,CNG,3199
Standard Service,Honda,,,,4099
Comprehensive Service,Honda,,,,6099
Basic Service,Honda,,,Diesel,3299
Standard Service,Honda,,,,4199
Comprehensive Service,Honda,,,,6699
Basic Service,Honda,Mobilio,SUV,Petrol,3099
Standard Service,Honda,,,,3999
Comprehensive Service,Honda,,,,5899
Basic Service,Honda,,,CNG,3099
Standard Service,Honda,,,,3999
Comprehensive Service,Honda,,,,5899
Basic Service,Honda,,,Diesel,3199
Standard Service,Honda,,,,4199
Comprehensive Service,Honda,,,,6499
Basic Service,Hyundai,Accent,Sedan,Petrol,2899
Standard Service,Hyundai,,,,3699
Comprehensive Service,Hyundai,,,,4799
Basic Service,Hyundai,,,CNG,2899
Standard Service,Hyundai,,,,3699
Comprehensive Service,Hyundai,,,,4799
Basic Service,Hyundai,,,Diesel,3099
Standard Service,Hyundai,,,,3899
Comprehensive Service,Hyundai,,,,4999
Basic Service,Hyundai,Accent Viva,Sedan,Petrol,2899
Standard Service,Hyundai,,,,3699
Comprehensive Service,Hyundai,,,,4799
Basic Service,Hyundai,,,CNG,2899
Standard Service,Hyundai,,,,3699
Comprehensive Service,Hyundai,,,,4799
Basic Service,Hyundai,,,Diesel,3999
Standard Service,Hyundai,,,,5199
Comprehensive Service,Hyundai,,,,8599
Basic Service,Hyundai,Creta,SUV,Petrol,3099
Standard Service,Hyundai,,,,4499
Comprehensive Service,Hyundai,,,,5499
Basic Service,Hyundai,,,CNG,3099
Standard Service,Hyundai,,,,4499
Comprehensive Service,Hyundai,,,,5499
Basic Service,Hyundai,,,Diesel,3999
Standard Service,Hyundai,,,,4499
Comprehensive Service,Hyundai,,,,6299
Basic Service,Hyundai,Elantra,Premium Sedan,Petrol,3199
Standard Service,Hyundai,,,,4199
Comprehensive Service,Hyundai,,,,5699
Basic Service,Hyundai,,,CNG,3199
Standard Service,Hyundai,,,,4199
Comprehensive Service,Hyundai,,,,5699
Basic Service,Hyundai,,,Diesel,3999
Standard Service,Hyundai,,,,5099
Comprehensive Service,Hyundai,,,,8399
Basic Service,Hyundai,Elite i20,Premium Hatchback,Petrol,2599
Standard Service,Hyundai,,,,3199
Comprehensive Service,Hyundai,,,,4199
Basic Service,Hyundai,,,CNG,2599
Standard Service,Hyundai,,,,3199
Comprehensive Service,Hyundai,,,,4199
Basic Service,Hyundai,,,Diesel,2599
Standard Service,Hyundai,,,,4099
Comprehensive Service,Hyundai,,,,5799
Basic Service,Hyundai,Eon,Hatchback,Petrol,2199
Standard Service,Hyundai,,,,2799
Comprehensive Service,Hyundai,,,,4099
Basic Service,Hyundai,,,CNG,2199
Standard Service,Hyundai,,,,2799
Comprehensive Service,Hyundai,,,,4099
Basic Service,Hyundai,Getz,Hatchback,Petrol,2399
Standard Service,Hyundai,,,,3099
Comprehensive Service,Hyundai,,,,4499
Basic Service,Hyundai,,,CNG,2399
Standard Service,Hyundai,,,,3099
Comprehensive Service,Hyundai,,,,4399
Basic Service,Hyundai,Getz Prime,Hatchback,Diesel,3199
Standard Service,Hyundai,,,,4199
Comprehensive Service,Hyundai,,,,6099
Basic Service,Hyundai,i10,Hatchback,Petrol,2199
Standard Service,Hyundai,,,,2799
Comprehensive Service,Hyundai,,,,4499
Basic Service,Hyundai,Grand i10,Hatchback,CNG,2399
Standard Service,Hyundai,,,,2899
Comprehensive Service,Hyundai,,,,4699
Basic Service,Hyundai,,,Diesel,2399
Standard Service,Hyundai,,,,3099
Comprehensive Service,Hyundai,,,,4699
Basic Service,Hyundai,i10,Hatchback,CNG,2199
Standard Service,Hyundai,,,,2799
Comprehensive Service,Hyundai,,,,4499
Basic Service,Hyundai,i20,Premium Hatchback,Petrol,2599
Standard Service,Hyundai,,,,3199
Comprehensive Service,Hyundai,,,,4199
Basic Service,Hyundai,,,CNG,2599
Standard Service,Hyundai,,,,3199
Comprehensive Service,Hyundai,,,,4299
Basic Service,Hyundai,,,Diesel,2599
Standard Service,Hyundai,,,,4099
Comprehensive Service,Hyundai,,,,5799
Basic Service,Hyundai,i20 Active,Premium Hatchback,Petrol,2799
Standard Service,Hyundai,,,,3999
Comprehensive Service,Hyundai,,,,4499
Basic Service,Hyundai,,,CNG,2799
Standard Service,Hyundai,,,,3999
Comprehensive Service,Hyundai,,,,4499
Basic Service,Hyundai,,,Diesel,2799
Standard Service,Hyundai,,,,3999
Comprehensive Service,Hyundai,,,,5999
Basic Service,Hyundai,SantaFE,Premium SUV,Petrol,5199
Standard Service,Hyundai,,,,6599
Comprehensive Service,Hyundai,,,,10299
Basic Service,Hyundai,,,CNG,5199
Standard Service,Hyundai,,,,6599
Comprehensive Service,Hyundai,,,,10299
Basic Service,Hyundai,Santro Xing,Hatchback,Petrol,2399
Standard Service,Hyundai,,,,2899
Comprehensive Service,Hyundai,,,,4399
Basic Service,Hyundai,,,CNG,2399
Standard Service,Hyundai,,,,2899
Comprehensive Service,Hyundai,,,,4399
Basic Service,Hyundai,Sonata,Premium Sedan,Petrol,3199
Standard Service,Hyundai,,,,4199
Comprehensive Service,Hyundai,,,,6299
Basic Service,Hyundai,,,CNG,3199
Standard Service,Hyundai,,,,4199
Comprehensive Service,Hyundai,,,,6299
Basic Service,Hyundai,,,Diesel,3999
Standard Service,Hyundai,,,,5099
Comprehensive Service,Hyundai,,,,8999
Basic Service,Hyundai,Sonata Embera,Premium Sedan,Petrol,3199
Standard Service,Hyundai,,,,4199
Comprehensive Service,Hyundai,,,,5699
Basic Service,Hyundai,,,CNG,3199
Standard Service,Hyundai,,,,4199
Comprehensive Service,Hyundai,,,,5699
Basic Service,Hyundai,,,Diesel,3999
Standard Service,Hyundai,,,,5099
Comprehensive Service,Hyundai,,,,8399
Basic Service,Hyundai,Sonata Transform,Premium Sedan,Petrol,3199
Standard Service,Hyundai,,,,4199
Comprehensive Service,Hyundai,,,,5699
Basic Service,Hyundai,,,CNG,3199
Standard Service,Hyundai,,,,4199
Comprehensive Service,Hyundai,,,,5699
Basic Service,Hyundai,,,Diesel,3999
Standard Service,Hyundai,,,,5099
Comprehensive Service,Hyundai,,,,8399
Basic Service,Hyundai,Tucson,Premium SUV,Diesel,5199
Standard Service,Hyundai,,,,6599
Comprehensive Service,Hyundai,,,,10299
Basic Service,Hyundai,Verna,Premium Sedan,Petrol,2999
Standard Service,Hyundai,,,,3899
Comprehensive Service,Hyundai,,,,5099
Basic Service,Hyundai,,,CNG,2999
Standard Service,Hyundai,,,,3899
Comprehensive Service,Hyundai,,,,5099
Basic Service,Hyundai,,,Diesel,3999
Standard Service,Hyundai,,,,5099
Comprehensive Service,Hyundai,,,,7199
Basic Service,Hyundai,Verna Fluidic,Premium Sedan,Petrol,2999
Standard Service,Hyundai,,,,3899
Comprehensive Service,Hyundai,,,,5099
Basic Service,Hyundai,,,CNG,2999
Standard Service,Hyundai,,,,3899
Comprehensive Service,Hyundai,,,,5099
Basic Service,Hyundai,,,Diesel,3199
Standard Service,Hyundai,,,,5099
Comprehensive Service,Hyundai,,,,7399
Basic Service,Hyundai,Verna Transform,Premium Sedan,Petrol,2999
Standard Service,Hyundai,,,,3899
Comprehensive Service,Hyundai,,,,5099
Basic Service,Hyundai,,,CNG,2999
Standard Service,Hyundai,,,,3899
Comprehensive Service,Hyundai,,,,5099
Basic Service,Hyundai,,,Diesel,3999
Standard Service,Hyundai,,,,5099
Comprehensive Service,Hyundai,,,,7399
Basic Service,Hyundai,Xcent,Sedan,Petrol,2699
Standard Service,Hyundai,,,,3299
Comprehensive Service,Hyundai,,,,5399
Basic Service,Hyundai,,,CNG,2699
Standard Service,Hyundai,,,,3299
Comprehensive Service,Hyundai,,,,5399
Basic Service,Hyundai,,,Diesel,2699
Standard Service,Hyundai,,,,3299
Comprehensive Service,Hyundai,,,,5399
Basic Service,Mahindra,Bolero,SUV,Diesel,4399
Standard Service,Mahindra,,,,5599
Comprehensive Service,Mahindra,,,,8099
Basic Service,Mahindra,Quanto,SUV,Diesel,4399
Standard Service,Mahindra,,,,5599
Comprehensive Service,Mahindra,,,,8099
Basic Service,Mahindra,Scorpio,SUV,Diesel,4399
Standard Service,Mahindra,,,,5599
Comprehensive Service,Mahindra,,,,8099
Basic Service,Mahindra,Scorpio Getaway,SUV,Diesel,4399
Standard Service,Mahindra,,,,5599
Comprehensive Service,Mahindra,,,,8099
Basic Service,Mahindra,Thar,SUV,Diesel,4399
Standard Service,Mahindra,,,,5599
Comprehensive Service,Mahindra,,,,8099
Basic Service,Mahindra,Verito,Sedan,Diesel,4399
Standard Service,Mahindra,,,,5599
Comprehensive Service,Mahindra,,,,8099
Basic Service,Mahindra,Verito Vibe CS,Hatchback,Diesel,4399
Standard Service,Mahindra,,,,5499
Comprehensive Service,Mahindra,,,,8099
Basic Service,Mahindra,XUV 500,SUV,Diesel,4599
Standard Service,Mahindra,,,,5799
Comprehensive Service,Mahindra,,,,8299
Basic Service,Mahindra,Xylo,SUV,Diesel,4399
Standard Service,Mahindra,,,,5599
Comprehensive Service,Mahindra,,,,8099
Basic Service,Maruti Suzuki,800,Hatchback,Petrol,2199
Standard Service,Maruti Suzuki,,,,2699
Comprehensive Service,Maruti Suzuki,,,,3499
Basic Service,Maruti Suzuki,,,CNG,2199
Standard Service,Maruti Suzuki,,,,2699
Comprehensive Service,Maruti Suzuki,,,,3499
Basic Service,Maruti Suzuki,Alto,Hatchback,Petrol,2199
Standard Service,Maruti Suzuki,,,,2699
Comprehensive Service,Maruti Suzuki,,,,4099
Basic Service,Maruti Suzuki,,,CNG,2199
Standard Service,Maruti Suzuki,,,,2699
Comprehensive Service,Maruti Suzuki,,,,4099
Basic Service,Maruti Suzuki,Alto 800,Hatchback,Petrol,2199
Standard Service,Maruti Suzuki,,,,2699
Comprehensive Service,Maruti Suzuki,,,,3499
Basic Service,Maruti Suzuki,,,CNG,2199
Standard Service,Maruti Suzuki,,,,2699
Comprehensive Service,Maruti Suzuki,,,,3499
Basic Service,Maruti Suzuki,Alto K10,Hatchback,Petrol,2199
Standard Service,Maruti Suzuki,,,,2699
Comprehensive Service,Maruti Suzuki,,,,3699
Basic Service,Maruti Suzuki,,,CNG,2199
Standard Service,Maruti Suzuki,,,,2699
Comprehensive Service,Maruti Suzuki,,,,3699
Basic Service,Maruti Suzuki,A-Star,Hatchback,Petrol,2399
Standard Service,Maruti Suzuki,,,,2899
Comprehensive Service,Maruti Suzuki,,,,4399
Basic Service,Maruti Suzuki,,,CNG,2399
Standard Service,Maruti Suzuki,,,,2899
Comprehensive Service,Maruti Suzuki,,,,4399
Basic Service,Maruti Suzuki,Baleno,Premium Hatchback,Petrol,2599
Standard Service,Maruti Suzuki,,,,3099
Comprehensive Service,Maruti Suzuki,,,,5399
Basic Service,Maruti Suzuki,,,CNG,2599
Standard Service,Maruti Suzuki,,,,3299
Comprehensive Service,Maruti Suzuki,,,,5399
Basic Service,Maruti Suzuki,,,Diesel,2599
Standard Service,Maruti Suzuki,,,,3299
Comprehensive Service,Maruti Suzuki,,,,5399
Basic Service,Maruti Suzuki,Celerio,Hatchback,Petrol,2499
Standard Service,Maruti Suzuki,,,,3199
Comprehensive Service,Maruti Suzuki,,,,4599
Basic Service,Maruti Suzuki,,,CNG,2499
Standard Service,Maruti Suzuki,,,,3199
Comprehensive Service,Maruti Suzuki,,,,4599
Basic Service,Maruti Suzuki,,,Diesel,2599
Standard Service,Maruti Suzuki,,,,3299
Comprehensive Service,Maruti Suzuki,,,,4799
Basic Service,Maruti Suzuki,Ciaz,Premium Sedan,Petrol,2999
Standard Service,Maruti Suzuki,,,,3899
Comprehensive Service,Maruti Suzuki,,,,5399
Basic Service,Maruti Suzuki,,,CNG,2999
Standard Service,Maruti Suzuki,,,,3899
Comprehensive Service,Maruti Suzuki,,,,5399
Basic Service,Maruti Suzuki,,,Diesel,3199
Standard Service,Maruti Suzuki,,,,4799
Comprehensive Service,Maruti Suzuki,,,,5599
Basic Service,Maruti Suzuki,Eeco,SUV,Petrol,2599
Standard Service,Maruti Suzuki,,,,3299
Comprehensive Service,Maruti Suzuki,,,,4599
Basic Service,Maruti Suzuki,,,CNG,2599
Standard Service,Maruti Suzuki,,,,3299
Comprehensive Service,Maruti Suzuki,,,,4599
Basic Service,Maruti Suzuki,Ertiga,SUV,Petrol,3099
Standard Service,Maruti Suzuki,,,,3999
Comprehensive Service,Maruti Suzuki,,,,4599
Basic Service,Maruti Suzuki,,,CNG,3099
Standard Service,Maruti Suzuki,,,,3999
Comprehensive Service,Maruti Suzuki,,,,4599
Basic Service,Maruti Suzuki,,,Diesel,3199
Standard Service,Maruti Suzuki,,,,4199
Comprehensive Service,Maruti Suzuki,,,,6499
Basic Service,Maruti Suzuki,Esteem,Sedan,Petrol,2599
Standard Service,Maruti Suzuki,,,,3299
Comprehensive Service,Maruti Suzuki,,,,4399
Basic Service,Maruti Suzuki,,,CNG,2599
Standard Service,Maruti Suzuki,,,,3299
Comprehensive Service,Maruti Suzuki,,,,4399
Basic Service,Maruti Suzuki,Estilo,Hatchback,Petrol,2599
Standard Service,Maruti Suzuki,,,,3199
Comprehensive Service,Maruti Suzuki,,,,4399
Basic Service,Maruti Suzuki,,,CNG,2599
Standard Service,Maruti Suzuki,,,,3199
Comprehensive Service,Maruti Suzuki,,,,4399
Basic Service,Maruti Suzuki,Grand Vitara,SUV,Petrol,3499
Standard Service,Maruti Suzuki,,,,4499
Comprehensive Service,Maruti Suzuki,,,,6299
Basic Service,Maruti Suzuki,,,CNG,3499
Standard Service,Maruti Suzuki,,,,4499
Comprehensive Service,Maruti Suzuki,,,,6299
Basic Service,Maruti Suzuki,,,Diesel,4099
Standard Service,Maruti Suzuki,,,,5299
Comprehensive Service,Maruti Suzuki,,,,7899
Basic Service,Maruti Suzuki,Gypsy,SUV,Petrol,3199
Standard Service,Maruti Suzuki,,,,4199
Comprehensive Service,Maruti Suzuki,,,,5999
Basic Service,Maruti Suzuki,,,CNG,3199
Standard Service,Maruti Suzuki,,,,4199
Comprehensive Service,Maruti Suzuki,,,,5999
Basic Service,Maruti Suzuki,,,Diesel,3899
Standard Service,Maruti Suzuki,,,,4999
Comprehensive Service,Maruti Suzuki,,,,7599
Basic Service,Maruti Suzuki,Kizashi,Premium Sedan,Petrol,3499
Standard Service,Maruti Suzuki,,,,4499
Comprehensive Service,Maruti Suzuki,,,,6299
Basic Service,Maruti Suzuki,,,CNG,3499
Standard Service,Maruti Suzuki,,,,4499
Comprehensive Service,Maruti Suzuki,,,,6299
Basic Service,Maruti Suzuki,,,Diesel,4099
Standard Service,Maruti Suzuki,,,,5299
Comprehensive Service,Maruti Suzuki,,,,7899
Basic Service,Maruti Suzuki,Omni,Hatchback,Petrol,2199
Standard Service,Maruti Suzuki,,,,2799
Comprehensive Service,Maruti Suzuki,,,,4199
Basic Service,Maruti Suzuki,,,CNG,2199
Standard Service,Maruti Suzuki,,,,2799
Comprehensive Service,Maruti Suzuki,,,,4099
Basic Service,Maruti Suzuki,Ritz,Hatchback,Petrol,2199
Standard Service,Maruti Suzuki,,,,2899
Comprehensive Service,Maruti Suzuki,,,,4599
Basic Service,Maruti Suzuki,,,CNG,2199
Standard Service,Maruti Suzuki,,,,2899
Comprehensive Service,Maruti Suzuki,,,,4599
Basic Service,Maruti Suzuki,,,Diesel,2399
Standard Service,Maruti Suzuki,,,,2899
Comprehensive Service,Maruti Suzuki,,,,4799
Basic Service,Maruti Suzuki,S-Cross,SUV,Petrol,2699
Standard Service,Maruti Suzuki,,,,3299
Comprehensive Service,Maruti Suzuki,,,,4899
Basic Service,Maruti Suzuki,,,CNG,2699
Standard Service,Maruti Suzuki,,,,3299
Comprehensive Service,Maruti Suzuki,,,,4899
Basic Service,Maruti Suzuki,,,Diesel,2899
Standard Service,Maruti Suzuki,,,,3699
Comprehensive Service,Maruti Suzuki,,,,6099
Basic Service,Maruti Suzuki,Swift,Hatchback,Petrol,2499
Standard Service,Maruti Suzuki,,,,2999
Comprehensive Service,Maruti Suzuki,,,,4599
Basic Service,Maruti Suzuki,,,CNG,2499
Standard Service,Maruti Suzuki,,,,2999
Comprehensive Service,Maruti Suzuki,,,,4399
Basic Service,Maruti Suzuki,,,Diesel,2599
Standard Service,Maruti Suzuki,,,,3299
Comprehensive Service,Maruti Suzuki,,,,4899
Basic Service,Maruti Suzuki,Swift Dzire,Sedan,Petrol,2699
Standard Service,Maruti Suzuki,,,,3099
Comprehensive Service,Maruti Suzuki,,,,5399
Basic Service,Maruti Suzuki,,,CNG,2699
Standard Service,Maruti Suzuki,,,,3099
Comprehensive Service,Maruti Suzuki,,,,5399
Basic Service,Maruti Suzuki,,,Diesel,2699
Standard Service,Maruti Suzuki,,,,3399
Comprehensive Service,Maruti Suzuki,,,,4899
Basic Service,Maruti Suzuki,SX4,Sedan,Petrol,3099
Standard Service,Maruti Suzuki,,,,4099
Comprehensive Service,Maruti Suzuki,,,,5399
Basic Service,Maruti Suzuki,,,CNG,3099
Standard Service,Maruti Suzuki,,,,4099
Comprehensive Service,Maruti Suzuki,,,,5399
Basic Service,Maruti Suzuki,,,Diesel,3499
Standard Service,Maruti Suzuki,,,,4499
Comprehensive Service,Maruti Suzuki,,,,6799
Basic Service,Maruti Suzuki,Versa,SUV,Petrol,2999
Standard Service,Maruti Suzuki,,,,3899
Comprehensive Service,Maruti Suzuki,,,,4999
Basic Service,Maruti Suzuki,,,CNG,2999
Standard Service,Maruti Suzuki,,,,3899
Comprehensive Service,Maruti Suzuki,,,,4999
Basic Service,Maruti Suzuki,WagonR,Hatchback,Petrol,2199
Standard Service,Maruti Suzuki,,,,2799
Comprehensive Service,Maruti Suzuki,,,,4199
Basic Service,Maruti Suzuki,,,CNG,2199
Standard Service,Maruti Suzuki,,,,2799
Comprehensive Service,Maruti Suzuki,,,,4099
Basic Service,Maruti Suzuki,Zen,Hatchback,Petrol,2199
Standard Service,Maruti Suzuki,,,,2899
Comprehensive Service,Maruti Suzuki,,,,4599
Basic Service,Maruti Suzuki,,,CNG,2199
Standard Service,Maruti Suzuki,,,,2899
Comprehensive Service,Maruti Suzuki,,,,4599
Basic Service,Mitsubishi,Pajero,Premium SUV,Diesel,5699
Standard Service,Mitsubishi,,,,7299
Comprehensive Service,Mitsubishi,,,,11199
Basic Service,Mitsubishi,Pajero Sport,Premium SUV,Diesel,5699
Standard Service,Mitsubishi,,,,7299
Comprehensive Service,Mitsubishi,,,,11199
Basic Service,Nissan,Evalia,SUV,Diesel,4399
Standard Service,Nissan,,,,5599
Comprehensive Service,Nissan,,,,9399
Basic Service,Nissan,Micra,Hatchback,Petrol,2899
Standard Service,Nissan,,,,3299
Comprehensive Service,Nissan,,,,5499
Basic Service,Nissan,,,CNG,2899
Standard Service,Nissan,,,,3299
Comprehensive Service,Nissan,,,,5499
Basic Service,Nissan,Micra Active,Hatchback,Petrol,2899
Standard Service,Nissan,,,,3299
Comprehensive Service,Nissan,,,,5499
Basic Service,Nissan,,,CNG,2899
Standard Service,Nissan,,,,3299
Comprehensive Service,Nissan,,,,5499
Basic Service,Nissan,Sunny,Premium Sedan,Diesel,3999
Standard Service,Nissan,,,,5199
Comprehensive Service,Nissan,,,,7899
Basic Service,Nissan,Teana,Premium Sedan,Diesel,4399
Standard Service,Nissan,,,,5699
Comprehensive Service,Nissan,,,,8499
Basic Service,Nissan,Terrano,SUV,Diesel,4299
Standard Service,Nissan,,,,5499
Comprehensive Service,Nissan,,,,9299
Basic Service,Nissan,X-Trail,SUV,Diesel,4599
Standard Service,Nissan,,,,5899
Comprehensive Service,Nissan,,,,9699
Basic Service,Renault,Duster,SUV,Diesel,4299
Standard Service,Renault,,,,5499
Comprehensive Service,Renault,,,,9299
Basic Service,Renault,Fluence,Premium Sedan,Petrol,3499
Standard Service,Renault,,,,4499
Comprehensive Service,Renault,,,,6299
Basic Service,Renault,,,CNG,3499
Standard Service,Renault,,,,4499
Comprehensive Service,Renault,,,,6299
Basic Service,Renault,,,Diesel,3999
Standard Service,Renault,,,,5199
Comprehensive Service,Renault,,,,7899
Basic Service,Renault,Koleos,Premium SUV,Diesel,4599
Standard Service,Renault,,,,5899
Comprehensive Service,Renault,,,,9699
Basic Service,Renault,Lodgy,SUV,Diesel,4399
Standard Service,Renault,,,,5599
Comprehensive Service,Renault,,,,9399
Basic Service,Renault,Pulse,Hatchback,Petrol,2899
Standard Service,Renault,,,,3599
Comprehensive Service,Renault,,,,5399
Basic Service,Renault,,,CNG,2899
Standard Service,Renault,,,,3599
Comprehensive Service,Renault,,,,5399
Basic Service,Renault,,,Diesel,3299
Standard Service,Renault,,,,4199
Comprehensive Service,Renault,,,,6799
Basic Service,Renault,Scala,Premium Sedan,Petrol,3499
Standard Service,Renault,,,,4499
Comprehensive Service,Renault,,,,6299
Basic Service,Renault,,,CNG,3499
Standard Service,Renault,,,,4499
Comprehensive Service,Renault,,,,6299
Basic Service,Renault,,,Diesel,3999
Standard Service,Renault,,,,5199
Comprehensive Service,Renault,,,,7899
Basic Service,Skoda,Fabia,Premium Hatchback,Petrol,4199
Standard Service,Skoda,,,,5399
Comprehensive Service,Skoda,,,,7799
Basic Service,Skoda,,,CNG,4199
Standard Service,Skoda,,,,5399
Comprehensive Service,Skoda,,,,7799
Basic Service,Skoda,,,Diesel,4199
Standard Service,Skoda,,,,5399
Comprehensive Service,Skoda,,,,8499
Basic Service,Skoda,Fabia Scout,Premium Hatchback,Petrol,4199
Standard Service,Skoda,,,,5399
Comprehensive Service,Skoda,,,,7799
Basic Service,Skoda,,,CNG,4199
Standard Service,Skoda,,,,5399
Comprehensive Service,Skoda,,,,7799
Basic Service,Skoda,,,Diesel,4199
Standard Service,Skoda,,,,5399
Comprehensive Service,Skoda,,,,8499
Basic Service,Skoda,Laura,Premium Sedan,Diesel,4599
Standard Service,Skoda,,,,6099
Comprehensive Service,Skoda,,,,8599
Basic Service,Skoda,Octavia,Premium Sedan,Petrol,4599
Standard Service,Skoda,,,,5699
Comprehensive Service,Skoda,,,,7799
Basic Service,Skoda,,,CNG,4599
Standard Service,Skoda,,,,5699
Comprehensive Service,Skoda,,,,7799
Basic Service,Skoda,,,Diesel,4599
Standard Service,Skoda,,,,6099
Comprehensive Service,Skoda,,,,8999
Basic Service,Skoda,Rapid,Premium Sedan,Petrol,4599
Standard Service,Skoda,,,,5699
Comprehensive Service,Skoda,,,,7899
Basic Service,Skoda,,,CNG,4599
Standard Service,Skoda,,,,5699
Comprehensive Service,Skoda,,,,7899
Basic Service,Skoda,,,Diesel,4599
Standard Service,Skoda,,,,6099
Comprehensive Service,Skoda,,,,9299
Basic Service,Skoda,Superb,Premium Sedan,Petrol,5499
Standard Service,Skoda,,,,6999
Comprehensive Service,Skoda,,,,9199
Basic Service,Skoda,,,CNG,5499
Standard Service,Skoda,,,,6999
Comprehensive Service,Skoda,,,,9199
Basic Service,Skoda,,,Diesel,5499
Standard Service,Skoda,,,,6999
Comprehensive Service,Skoda,,,,10599
Basic Service,Skoda,Yeti,Premium SUV,Diesel,4999
Standard Service,Skoda,,,,6999
Comprehensive Service,Skoda,,,,10599
Basic Service,Tata,Aria,SUV,Petrol,4399
Standard Service,Tata,,,,5599
Comprehensive Service,Tata,,,,8099
Basic Service,Tata,,,CNG,4399
Standard Service,Tata,,,,5599
Comprehensive Service,Tata,,,,8099
Basic Service,Tata,,,Diesel,4399
Standard Service,Tata,,,,5599
Comprehensive Service,Tata,,,,8099
Basic Service,Tata,Bolt,Hatchback,Petrol,2799
Standard Service,Tata,,,,3499
Comprehensive Service,Tata,,,,4299
Basic Service,Tata,,,CNG,2799
Standard Service,Tata,,,,3499
Comprehensive Service,Tata,,,,4299
Basic Service,Tata,,,Diesel,3299
Standard Service,Tata,,,,4199
Comprehensive Service,Tata,,,,7499
Basic Service,Tata,Indica,Hatchback,Petrol,2799
Standard Service,Tata,,,,3499
Comprehensive Service,Tata,,,,4299
Basic Service,Tata,,,CNG,2799
Standard Service,Tata,,,,3499
Comprehensive Service,Tata,,,,4299
Basic Service,Tata,,,Diesel,3099
Standard Service,Tata,,,,3999
Comprehensive Service,Tata,,,,5399
Basic Service,Tata,Indica eV2,Hatchback,Petrol,2799
Standard Service,Tata,,,,3499
Comprehensive Service,Tata,,,,4299
Basic Service,Tata,,,CNG,2799
Standard Service,Tata,,,,3499
Comprehensive Service,Tata,,,,4299
Basic Service,Tata,,,Diesel,3099
Standard Service,Tata,,,,3999
Comprehensive Service,Tata,,,,5399
Basic Service,Tata,Indica V2,Hatchback,Petrol,2799
Standard Service,Tata,,,,3499
Comprehensive Service,Tata,,,,4299
Basic Service,Tata,,,CNG,2799
Standard Service,Tata,,,,3499
Comprehensive Service,Tata,,,,4299
Basic Service,Tata,,,Diesel,3099
Standard Service,Tata,,,,3999
Comprehensive Service,Tata,,,,5399
Basic Service,Tata,Indica Vista,Hatchback,Petrol,2799
Standard Service,Tata,,,,3499
Comprehensive Service,Tata,,,,4299
Basic Service,Tata,,,CNG,2799
Standard Service,Tata,,,,3499
Comprehensive Service,Tata,,,,4299
Basic Service,Tata,,,Diesel,3099
Standard Service,Tata,,,,3999
Comprehensive Service,Tata,,,,6499
Basic Service,Tata,Indigo,Sedan,Petrol,2799
Standard Service,Tata,,,,3599
Comprehensive Service,Tata,,,,4299
Basic Service,Tata,,,CNG,2799
Standard Service,Tata,,,,3599
Comprehensive Service,Tata,,,,4299
Basic Service,Tata,,,Diesel,3099
Standard Service,Tata,,,,4099
Comprehensive Service,Tata,,,,5699
Basic Service,Tata,Indigo CS,Sedan,Petrol,2799
Standard Service,Tata,,,,3599
Comprehensive Service,Tata,,,,4299
Basic Service,Tata,,,CNG,2799
Standard Service,Tata,,,,3599
Comprehensive Service,Tata,,,,4299
Basic Service,Tata,,,Diesel,3099
Standard Service,Tata,,,,4099
Comprehensive Service,Tata,,,,7499
Basic Service,Tata,Indigo eCS,Sedan,Petrol,2799
Standard Service,Tata,,,,3599
Comprehensive Service,Tata,,,,4299
Basic Service,Tata,,,CNG,2799
Standard Service,Tata,,,,3599
Comprehensive Service,Tata,,,,4299
Basic Service,Tata,,,Diesel,3099
Standard Service,Tata,,,,4099
Comprehensive Service,Tata,,,,7499
Basic Service,Tata,Indigo Marina,Sedan,Petrol,2799
Standard Service,Tata,,,,3599
Comprehensive Service,Tata,,,,4299
Basic Service,Tata,,,CNG,2799
Standard Service,Tata,,,,3599
Comprehensive Service,Tata,,,,4299
Basic Service,Tata,,,Diesel,3099
Standard Service,Tata,,,,4099
Comprehensive Service,Tata,,,,7499
Basic Service,Tata,Indigo XL,Sedan,Petrol,2799
Standard Service,Tata,,,,3599
Comprehensive Service,Tata,,,,4299
Basic Service,Tata,,,CNG,2799
Standard Service,Tata,,,,3599
Comprehensive Service,Tata,,,,4299
Basic Service,Tata,,,Diesel,3099
Standard Service,Tata,,,,4099
Comprehensive Service,Tata,,,,7499
Basic Service,Tata,Manza,Sedan,Petrol,2799
Standard Service,Tata,,,,3599
Comprehensive Service,Tata,,,,4899
Basic Service,Tata,,,CNG,2799
Standard Service,Tata,,,,3599
Comprehensive Service,Tata,,,,4899
Basic Service,Tata,,,Diesel,3499
Standard Service,Tata,,,,4599
Comprehensive Service,Tata,,,,7799
Basic Service,Tata,Nano,Hatchback,Petrol,2099
Standard Service,Tata,,,,2699
Comprehensive Service,Tata,,,,3399
Basic Service,Tata,,,CNG,2099
Standard Service,Tata,,,,2699
Comprehensive Service,Tata,,,,3399
Basic Service,Tata,Nano Genx,Hatchback,Petrol,2099
Standard Service,Tata,,,,2699
Comprehensive Service,Tata,,,,3399
Basic Service,Tata,,,CNG,2099
Standard Service,Tata,,,,2699
Comprehensive Service,Tata,,,,3399
Basic Service,Tata,Safari,SUV,Diesel,5299
Standard Service,Tata,,,,6799
Comprehensive Service,Tata,,,,10499
Basic Service,Tata,Safari Storme,SUV,Diesel,5299
Standard Service,Tata,,,,6799
Comprehensive Service,Tata,,,,10499
Basic Service,Tata,Sumo Gold,SUV,Diesel,4899
Standard Service,Tata,,,,6199
Comprehensive Service,Tata,,,,9699
Basic Service,Tata,Sumo Grande,SUV,Diesel,4899
Standard Service,Tata,,,,6199
Comprehensive Service,Tata,,,,9699
Basic Service,Tata,Sumo Grande MK II,SUV,Diesel,4899
Standard Service,Tata,,,,6199
Comprehensive Service,Tata,,,,9699
Basic Service,Tata,Sumo Spacio,SUV,Diesel,4899
Standard Service,Tata,,,,6199
Comprehensive Service,Tata,,,,9699
Basic Service,Tata,Sumo Victa,SUV,Diesel,4899
Standard Service,Tata,,,,6199
Comprehensive Service,Tata,,,,9699
Basic Service,Tata,Zest,Sedan,Petrol,3099
Standard Service,Tata,,,,3999
Comprehensive Service,Tata,,,,4899
Basic Service,Tata,,,CNG,3099
Standard Service,Tata,,,,3999
Comprehensive Service,Tata,,,,4899
Basic Service,Tata,,,Diesel,3499
Standard Service,Tata,,,,4599
Comprehensive Service,Tata,,,,7699
Basic Service,Toyota,Camry,Premium Sedan,Petrol,4999
Standard Service,Toyota,,,,7399
Comprehensive Service,Toyota,,,,9399
Basic Service,Toyota,,,CNG,4999
Standard Service,Toyota,,,,7399
Comprehensive Service,Toyota,,,,9399
Basic Service,Toyota,Corolla,Sedan,Petrol,3999
Standard Service,Toyota,,,,5499
Comprehensive Service,Toyota,,,,6999
Basic Service,Toyota,,,CNG,3999
Standard Service,Toyota,,,,5499
Comprehensive Service,Toyota,,,,6999
Basic Service,Toyota,,,Diesel,4399
Standard Service,Toyota,,,,5499
Comprehensive Service,Toyota,,,,8699
Basic Service,Toyota,Corolla Altis,Premium Sedan,Petrol,3999
Standard Service,Toyota,,,,5499
Comprehensive Service,Toyota,,,,6999
Basic Service,Toyota,,,CNG,3999
Standard Service,Toyota,,,,5499
Comprehensive Service,Toyota,,,,6999
Basic Service,Toyota,,,Diesel,4399
Standard Service,Toyota,,,,5899
Comprehensive Service,Toyota,,,,8699
Basic Service,Toyota,Etios,Sedan,Petrol,2699
Standard Service,Toyota,,,,3499
Comprehensive Service,Toyota,,,,4599
Basic Service,Toyota,,,CNG,2699
Standard Service,Toyota,,,,3499
Comprehensive Service,Toyota,,,,4599
Basic Service,Toyota,,,Diesel,3199
Standard Service,Toyota,,,,4099
Comprehensive Service,Toyota,,,,6199
Basic Service,Toyota,Etios Cross,Hatchback,Petrol,2699
Standard Service,Toyota,,,,3399
Comprehensive Service,Toyota,,,,4599
Basic Service,Toyota,,,CNG,2699
Standard Service,Toyota,,,,3399
Comprehensive Service,Toyota,,,,4599
Basic Service,Toyota,,,Diesel,3199
Standard Service,Toyota,,,,3999
Comprehensive Service,Toyota,,,,6199
Basic Service,Toyota,Etios Liva,Hatchback,Petrol,2699
Standard Service,Toyota,,,,3399
Comprehensive Service,Toyota,,,,4599
Basic Service,Toyota,,,CNG,2699
Standard Service,Toyota,,,,3399
Comprehensive Service,Toyota,,,,4599
Basic Service,Toyota,,,Diesel,3199
Standard Service,Toyota,,,,3999
Comprehensive Service,Toyota,,,,6199
Basic Service,Toyota,Fortuner,Premium SUV,Diesel,5599
Standard Service,Toyota,,,,8899
Comprehensive Service,Toyota,,,,10999
Basic Service,Toyota,Innova,SUV,Diesel,4999
Standard Service,Toyota,,,,6199
Comprehensive Service,Toyota,,,,8599
Basic Service,Volkswagen,Cross Polo,Premium Hatchback,Petrol,3299
Standard Service,Volkswagen,,,,4199
Comprehensive Service,Volkswagen,,,,6299
Basic Service,Volkswagen,,,CNG,3299
Standard Service,Volkswagen,,,,4199
Comprehensive Service,Volkswagen,,,,6299
Basic Service,Volkswagen,,,Diesel,3499
Standard Service,Volkswagen,,,,4499
Comprehensive Service,Volkswagen,,,,7199
Basic Service,Volkswagen,Jetta,Premium Sedan,Petrol,3499
Standard Service,Volkswagen,,,,5599
Comprehensive Service,Volkswagen,,,,7899
Basic Service,Volkswagen,,,CNG,3499
Standard Service,Volkswagen,,,,5599
Comprehensive Service,Volkswagen,,,,7899
Basic Service,Volkswagen,,,Diesel,3799
Standard Service,Volkswagen,,,,5799
Comprehensive Service,Volkswagen,,,,9299
Basic Service,Volkswagen,Passat,Premium Sedan,Petrol,3299
Standard Service,Volkswagen,,,,5599
Comprehensive Service,Volkswagen,,,,7899
Basic Service,Volkswagen,,,CNG,3299
Standard Service,Volkswagen,,,,5599
Comprehensive Service,Volkswagen,,,,7899
Basic Service,Volkswagen,,,Diesel,3499
Standard Service,Volkswagen,,,,5799
Comprehensive Service,Volkswagen,,,,9299
Basic Service,Volkswagen,Polo,Premium Hatchback,Petrol,3299
Standard Service,Volkswagen,,,,4199
Comprehensive Service,Volkswagen,,,,6299
Basic Service,Volkswagen,,,CNG,3299
Standard Service,Volkswagen,,,,4199
Comprehensive Service,Volkswagen,,,,6299
Basic Service,Volkswagen,,,Diesel,3499
Standard Service,Volkswagen,,,,4499
Comprehensive Service,Volkswagen,,,,7199
Basic Service,Volkswagen,Vento,Premium Sedan,Petrol,4399
Standard Service,Volkswagen,,,,5599
Comprehensive Service,Volkswagen,,,,6999
Basic Service,Volkswagen,,,CNG,4399
Standard Service,Volkswagen,,,,5599
Comprehensive Service,Volkswagen,,,,6999
Basic Service,Volkswagen,,,Diesel,4499
Standard Service,Volkswagen,,,,5799
Comprehensive Service,Volkswagen,,,,7299
Basic Service,Mahindra,TUV 300,SUV,Diesel,4199
Standard Service,Mahindra,,,,5399
Comprehensive Service,Mahindra,,,,7899
Basic Service,Mahindra,Verito,Sedan,Petrol,3999
Standard Service,Mahindra,,,,5199
Comprehensive Service,Mahindra,,,,7399
Basic Service,Renault,Kwid,Hatchback,Petrol,2899
Standard Service,Renault,,,,3599
Comprehensive Service,Renault,,,,5399
Basic Service,Renault,,,Diesel,3299
Standard Service,Renault,,,,4199
Comprehensive Service,Renault,,,,6799
Basic Service,Renault,,,CNG,2899
Standard Service,Renault,,,,3599
Comprehensive Service,Renault,,,,5399
Basic Service,Chevrolet,Trailblazer,Premium SUV,Diesel,5699
Standard Service,Chevrolet,,,,7299
Comprehensive Service,Chevrolet,,,,11199
Basic Service,Datsun,Redi Go,Hatchback,Petrol,2399
Standard Service,Datsun,,,,3099
Comprehensive Service,Datsun,,,,4199
Basic Service,Datsun,,,Diesel,2799
Standard Service,Datsun,,,,3499
Comprehensive Service,Datsun,,,,5199
Basic Service,Fiat,Abarth Punto,Hatchback,Petrol,2999
Standard Service,Fiat,,,,3799
Comprehensive Service,Fiat,,,,5399
Basic Service,Fiat,,,Diesel,3499
Standard Service,Fiat,,,,4399
Comprehensive Service,Fiat,,,,7799
Basic Service,Fiat,Urban Cross,Hatchback,Petrol,2999
Standard Service,Fiat,,,,3799
Comprehensive Service,Fiat,,,,5399
Basic Service,Fiat,,,Diesel,3499
Standard Service,Fiat,,,,4399
Comprehensive Service,Fiat,,,,7799
Basic Service,Honda,BRV,SUV,Petrol,3199
Standard Service,Honda,,,,4199
Comprehensive Service,Honda,,,,6099
Basic Service,Honda,,,Diesel,3299
Standard Service,Honda,,,,4299
Comprehensive Service,Honda,,,,6699
Basic Service,Honda,WRV,SUV,Petrol,3199
Standard Service,Honda,,,,4199
Comprehensive Service,Honda,,,,6099
Basic Service,Honda,,,Diesel,3299
Standard Service,Honda,,,,4299
Comprehensive Service,Honda,,,,6699
Basic Service,Honda,Accord Hybrid,Premium Sedan,Petrol,3999
Standard Service,Honda,,,,5199
Comprehensive Service,Honda,,,,7499
Basic Service,Mahindra,KUV 100,Hatchback,Petrol,2599
Standard Service,Mahindra,,,,3199
Comprehensive Service,Mahindra,,,,4399
Basic Service,Mahindra,,,Diesel,2899
Standard Service,Mahindra,,,,3599
Comprehensive Service,Mahindra,,,,6199
Basic Service,Mahindra,NuvoSport,SUV,Petrol,3199
Standard Service,Mahindra,,,,4199
Comprehensive Service,Mahindra,,,,5899
Basic Service,Mahindra,,,Diesel,3499
Standard Service,Mahindra,,,,4599
Comprehensive Service,Mahindra,,,,7199
Basic Service,Maruti Suzuki,Vitara Brezza,SUV,Diesel,2899
Standard Service,Maruti Suzuki,,,,3699
Comprehensive Service,Maruti Suzuki,,,,6099
Basic Service,Maruti Suzuki,Ignis,Hatchback,Petrol,2599
Standard Service,Maruti Suzuki,,,,3199
Comprehensive Service,Maruti Suzuki,,,,4399
Basic Service,Maruti Suzuki,,,Diesel,2899
Standard Service,Maruti Suzuki,,,,3599
Comprehensive Service,Maruti Suzuki,,,,6199
Basic Service,Tata,Tiago,Hatchback,Petrol,2799
Standard Service,Tata,,,,3499
Comprehensive Service,Tata,,,,4499
Basic Service,Tata,,,Diesel,3299
Standard Service,Tata,,,,4199
Comprehensive Service,Tata,,,,6199
Basic Service,Tata,Nexon,SUV,Petrol,3199
Standard Service,Tata,,,,4199
Comprehensive Service,Tata,,,,5899
Basic Service,Tata,,,Diesel,3499
Standard Service,Tata,,,,4499
Comprehensive Service,Tata,,,,7199
Basic Service,Tata,Tigor,Sedan,Petrol,2799
Standard Service,Tata,,,,3599
Comprehensive Service,Tata,,,,4499
Basic Service,Tata,,,Diesel,3299
Standard Service,Tata,,,,4299
Comprehensive Service,Tata,,,,6199
Basic Service,Tata,Hexa,SUV,Petrol,4999
Standard Service,Tata,,,,8899
Comprehensive Service,Tata,,,,9499
Basic Service,Tata,,,Diesel,4999
Standard Service,Tata,,,,8899
Comprehensive Service,Tata,,,,9499
Basic Service,Tata,Venture,SUV,Diesel,3899
Standard Service,Tata,,,,4999
Comprehensive Service,Tata,,,,7599
Basic Service,Toyota,Innova Crysta,SUV,Petrol,4499
Standard Service,Toyota,,,,5899
Comprehensive Service,Toyota,,,,8199
Basic Service,Toyota,,,Diesel,4999
Standard Service,Toyota,,,,6399
Comprehensive Service,Toyota,,,,9399
Basic Service,Volkswagen,Ameo,Sedan,Petrol,3499
Standard Service,Volkswagen,,,,4499
Comprehensive Service,Volkswagen,,,,6499
Basic Service,Volkswagen,,,Diesel,3699
Standard Service,Volkswagen,,,,4799
Comprehensive Service,Volkswagen,,,,7499
Basic Service,Mitsubishi,Outlander,Premium SUV,Petrol,5699
Standard Service,Mitsubishi,,,,7299
Comprehensive Service,Mitsubishi,,,,11199
Basic Service,Mitsubishi,,,Diesel,5699
Standard Service,Mitsubishi,,,,7299
Comprehensive Service,Mitsubishi,,,,11199
Basic Service,Mitsubishi,Montero,Premium SUV,Diesel,6199
Standard Service,Mitsubishi,,,,7899
Comprehensive Service,Mitsubishi,,,,11799
Basic Service,Datsun,GO,Hatchback,Diesel,2999
Standard Service,Datsun,,,,3699
Comprehensive Service,Datsun,,,,6199
Basic Service,Datsun,GO Plus,SUV,Diesel,2999
Standard Service,Datsun,,,,3799
Comprehensive Service,Datsun,,,,6199
Basic Service,Fiat,Punto Evo,Hatchback,Petrol,2999
Standard Service,Fiat,,,,3799
Comprehensive Service,Fiat,,,,5399
Basic Service,Fiat,Uno,Hatchback,Diesel,3499
Standard Service,Fiat,,,,4399
Comprehensive Service,Fiat,,,,7799
Basic Service,Honda,City IDTEC,Premium Sedan,Diesel,3499
Standard Service,Honda,,,,4499
Comprehensive Service,Honda,,,,7399
Basic Service,Honda,City ZX,Sedan,Diesel,3499
Standard Service,Honda,,,,4499
Comprehensive Service,Honda,,,,7399
Basic Service,Honda,CRV,Premium SUV,Diesel,5299
Standard Service,Honda,,,,6699
Comprehensive Service,Honda,,,,10399
Basic Service,Nissan,Sunny,Premium Sedan,Petrol,3499
Standard Service,Nissan,,,,4499
Comprehensive Service,Nissan,,,,6299
Basic Service,Nissan,Teana,Premium Sedan,Petrol,4299
Standard Service,Nissan,,,,5399
Comprehensive Service,Nissan,,,,7499
Basic Service,Skoda,Yeti,Premium SUV,Petrol,4599
Standard Service,Skoda,,,,5699
Comprehensive Service,Skoda,,,,7899
Basic Service,Skoda,Laura,Premium Sedan,Petrol,3799
Standard Service,Skoda,,,,4799
Comprehensive Service,Skoda,,,,6499
Basic Service,Toyota,Innova,SUV,Petrol,4499
Standard Service,Toyota,,,,5699
Comprehensive Service,Toyota,,,,7899
Basic Service,Mahindra,Logan,Sedan,Diesel,4399
Standard Service,Mahindra,,,,5599
Comprehensive Service,Mahindra,,,,8099
Basic Service,Force,One,SUV,Diesel,4399
Standard Service,Force,,,,5599
Comprehensive Service,Force,,,,8099
Basic Service,Hyundai,Grand i10,Hatchback,Petrol,2399
Standard Service,Hyundai,,,,2899
Comprehensive Service,Hyundai,,,,4699
Basic Service,Nissan,Micra,Hatchback,Diesel,2899
Standard Service,Nissan,,,,3299
Comprehensive Service,Nissan,,,,5499
Basic Service,Ford,Freestyle,Hatchback,Petrol,2699
Standard Service,Ford,,,,3399
Comprehensive Service,Ford,,,,5899
Basic Service,Ford,,,Diesel,3499
Standard Service,Ford,,,,4399
Comprehensive Service,Ford,,,,7799
Basic Service,Isuzu,MU7,Premium SUV,Diesel,5599
Standard Service,Isuzu,,,,8899
Comprehensive Service,Isuzu,,,,10999
Basic Service,Hindustan Motors,Ambassador,Sedan,Petrol,3199
Standard Service,Hindustan Motors,,,,4199
Comprehensive Service,Hindustan Motors,,,,6099
Basic Service,Hindustan Motors,,,Diesel,3199
Standard Service,Hindustan Motors,,,,4199
Comprehensive Service,Hindustan Motors,,,,6099
Basic Service,Hindustan Motors,,,CNG,3199
Standard Service,Hindustan Motors,,,,4199
Comprehensive Service,Hindustan Motors,,,,6099
Basic Service,Tata,Winger,SUV,Petrol,3899
Standard Service,Tata,,,,4999
Comprehensive Service,Tata,,,,7299
Basic Service,Jeep,Compass,Premium SUV,Petrol,5099
Standard Service,Jeep,,,,6499
Comprehensive Service,Jeep,,,,10099
Basic Service,Mahindra,Marazzo,SUV,Diesel,4399
Standard Service,Mahindra,,,,5599
Comprehensive Service,Mahindra,,,,8099
Basic Service,Opel,Astra,Hatchback,Petrol,3299
Standard Service,Opel,,,,4199
Comprehensive Service,Opel,,,,6299
Basic Service,Opel,,,Diesel,3499
Standard Service,Opel,,,,4499
Comprehensive Service,Opel,,,,7199
Basic Service,Opel,,,CNG,3299
Standard Service,Opel,,,,4199
Comprehensive Service,Opel,,,,6299
Basic Service,Mahindra,XUV 500,SUV,Petrol,4399
Standard Service,Mahindra,,,,5599
Comprehensive Service,Mahindra,,,,8099
Basic Service,Ssangyong,Rexton,Premium SUV,Petrol,4399
Standard Service,Ssangyong,,,,5599
Comprehensive Service,Ssangyong,,,,8099
Basic Service,Ssangyong,,,Diesel,4399
Standard Service,Ssangyong,,,,5599
Comprehensive Service,Ssangyong,,,,8099
Basic Service,Opel,Corsa,Hatchback,Petrol,3299
Standard Service,Opel,,,,4199
Comprehensive Service,Opel,,,,6299
Basic Service,Opel,,,Diesel,3499
Standard Service,Opel,,,,4499
Comprehensive Service,Opel,,,,7199
Basic Service,Tata,harrier,SUV,Petrol,4399
Standard Service,Tata,,,,5599
Comprehensive Service,Tata,,,,8099
Basic Service,Tata,,,Diesel,4399
Standard Service,Tata,,,,5599
Comprehensive Service,Tata,,,,8099
Basic Service,Nissan,Terrano,SUV,Petrol,4299
Standard Service,Nissan,,,,5499
Comprehensive Service,Nissan,,,,9299
Basic Service,Jeep,Compass,Premium SUV,Diesel,5599
Standard Service,Jeep,,,,8899
Comprehensive Service,Jeep,,,,10999
Basic Service,Toyota,Yaris,Premium Sedan,Petrol,3999
Standard Service,Toyota,,,,5499
Comprehensive Service,Toyota,,,,6999
Basic Service,Toyota,,,CNG,3999
Standard Service,Toyota,,,,5499
Comprehensive Service,Toyota,,,,6999
Basic Service,Mahindra,XUV 300,SUV,Petrol,3199
Standard Service,Mahindra,,,,4199
Comprehensive Service,Mahindra,,,,5899
Basic Service,Mahindra,,,Diesel,3099
Standard Service,Mahindra,,,,4199
Comprehensive Service,Mahindra,,,,6899
Basic Service,Mitsubishi,Lancer,Sedan,Petrol,2599
Standard Service,Mitsubishi,,,,3299
Comprehensive Service,Mitsubishi,,,,4399
Basic Service,Mitsubishi,,,Diesel,2599
Standard Service,Mitsubishi,,,,3299
Comprehensive Service,Mitsubishi,,,,4399
Basic Service,Mitsubishi,Cedia,Sedan,Petrol,2599
Standard Service,Mitsubishi,,,,3299
Comprehensive Service,Mitsubishi,,,,4399
Basic Service,Mitsubishi,,,Diesel,2599
Standard Service,Mitsubishi,,,,3299
Comprehensive Service,Mitsubishi,,,,4399
Basic Service,Hyundai,Venue,SUV,Petrol,3199
Standard Service,Hyundai,,,,4199
Comprehensive Service,Hyundai,,,,5899
Basic Service,Hyundai,,,Diesel,3099
Standard Service,Hyundai,,,,4199
Comprehensive Service,Hyundai,,,,6899
Basic Service,Hyundai,SantaFE,Premium SUV,Diesel,5199
Standard Service,Hyundai,,,,6599
Comprehensive Service,Hyundai,,,,10299
Basic Service,Renault,Triber,SUV,Petrol,2899
Standard Service,Renault,,,,3699
Comprehensive Service,Renault,,,,5399
Basic Service,Renault,,,Diesel,3299
Standard Service,Renault,,,,4299
Comprehensive Service,Renault,,,,6799
Basic Service,Renault,,,CNG,2899
Standard Service,Renault,,,,3699
Comprehensive Service,Renault,,,,5399
Basic Service,MG,Hector,SUV,Petrol,5099
Standard Service,MG,,,,6499
Comprehensive Service,MG,,,,10099
Basic Service,MG,,,Diesel,5599
Standard Service,MG,,,,8899
Comprehensive Service,MG,,,,10999
Basic Service,Kia,Seltos,SUV,Petrol,3099
Standard Service,Kia,,,,4299
Comprehensive Service,Kia,,,,5499
Basic Service,Kia,,,Diesel,3999
Standard Service,Kia,,,,4499
Comprehensive Service,Kia,,,,6299
Basic Service,Renault,Captur,SUV,Diesel,4299
Standard Service,Renault,,,,5499
Comprehensive Service,Renault,,,,9299
Basic Service,Volkswagen,Tiguan,SUV,Diesel,4999
Standard Service,Volkswagen,,,,6999
Comprehensive Service,Volkswagen,,,,10599
Basic Service,Toyota,,,Petrol,2599
Standard Service,Toyota,,,,3099
Comprehensive Service,Toyota,,,,5399
Basic Service,Toyota,Glanza,Premium Hatchback,Diesel,2599
Standard Service,Toyota,,,,3299
Comprehensive Service,Toyota,,,,5399
Basic Service,Toyota,,,CNG,2599
Standard Service,Toyota,,,,3299
Comprehensive Service,Toyota,,,,5399
Basic Service,Hyundai,Getz Prime,Hatchback,Petrol,3199
Standard Service,Hyundai,,,,4199
Comprehensive Service,Hyundai,,,,6099
Basic Service,Tata,Xenon,SUV,Diesel,5299
Standard Service,Tata,,,,6799
Comprehensive Service,Tata,,,,10499
Basic Service,Skoda,,,Petrol,5099
Standard Service,Skoda,,,,6499
Comprehensive Service,Skoda,,,,10099
Basic Service,Skoda,Kodiaq,Premium SUV,Diesel,5599
Standard Service,Skoda,,,,8899
Comprehensive Service,Skoda,,,,10999
Basic Service,Mahindra,Bolero Camper,SUV,Diesel,4399
Standard Service,Mahindra,,,,5599
Comprehensive Service,Mahindra,,,,8099
Basic Service,Mahindra,Bolero Pickup,SUV,Diesel,4399
Standard Service,Mahindra,,,,5599
Comprehensive Service,Mahindra,,,,8099
Basic Service,Tata,Altroz,Premium Hatchback,Petrol,2599
Standard Service,Tata,,,,3199
Comprehensive Service,Tata,,,,4199
Basic Service,Tata,,,Diesel,2599
Standard Service,Tata,,,,4099
Comprehensive Service,Tata,,,,5799
Basic Service,Force,Traveller 3350,SUV,Diesel,3899
Standard Service,Force,,,,4799
Comprehensive Service,Force,,,,7299
Basic Service,Force,Trax,SUV,Diesel,4399
Standard Service,Force,,,,5399
Comprehensive Service,Force,,,,8099
Basic Service,Toyota,Qualis,SUV,Petrol,4399
Standard Service,Toyota,,,,5399
Comprehensive Service,Toyota,,,,8599
Basic Service,Toyota,,,Diesel,4399
Standard Service,Toyota,,,,5399
Comprehensive Service,Toyota,,,,8599
Basic Service,Force,Gurkha,SUV,Diesel,4399
Standard Service,Force,,,,5399
Comprehensive Service,Force,,,,8099
Basic Service,Isuzu,Isuzu Dmax Vcross,SUV,Diesel,5299
Standard Service,Isuzu,,,,6599
Comprehensive Service,Isuzu,,,,10499
Basic Service,Maruti Suzuki,S-Presso,Hatchback,Petrol,2899
Standard Service,Maruti Suzuki,,,,3599
Comprehensive Service,Maruti Suzuki,,,,5399
Basic Service,Maruti Suzuki,,,Diesel,3299
Standard Service,Maruti Suzuki,,,,4199
Comprehensive Service,Maruti Suzuki,,,,6799
Basic Service,Hyundai,Santro,Hatchback,Petrol,2399
Standard Service,Hyundai,,,,2899
Comprehensive Service,Hyundai,,,,4399
Basic Service,Hyundai,,,Diesel,2399
Standard Service,Hyundai,,,,2899
Comprehensive Service,Hyundai,,,,4399
Basic Service,Hyundai,Grand i10 Nios,Hatchback,Petrol,2399
Standard Service,Hyundai,,,,3099
Comprehensive Service,Hyundai,,,,4699
Basic Service,Hyundai,,,Diesel,2399
Standard Service,Hyundai,,,,3099
Comprehensive Service,Hyundai,,,,4699
Basic Service,Hyundai,Aura,Sedan,Petrol,2199
Standard Service,Hyundai,,,,2999
Comprehensive Service,Hyundai,,,,4599
Basic Service,Hyundai,,,Diesel,2399
Standard Service,Hyundai,,,,2999
Comprehensive Service,Hyundai,,,,4799
